zip,RMSE_train,RMSE_test,RMSE_pure,forecast
27513,48.22386565576871,40.58671471171733,61.01003281233931,"[1238.7073, 1254.8479, 1258.2024, 1258.7521, 1258.8389, 1258.8525, 1258.8546, 1258.855, 1258.855, 1258.855, 1258.855, 1258.855]"
27560,54.36594716425731,54.32895706292354,100.32550337618683,"[1372.5217, 1398.3307, 1404.6621, 1405.7361, 1405.9067, 1405.9336, 1405.9377, 1405.9385, 1405.9385, 1405.9385, 1405.9386, 1405.9386]"
27606,52.96330701225636,41.61261832885977,59.227674944750255,"[1237.3403, 1259.8119, 1264.8267, 1265.6593, 1265.7911, 1265.8119, 1265.8151, 1265.8157, 1265.8157, 1265.8157, 1265.8157, 1265.8157]"
27609,46.409957626584514,35.94030758066151,57.56012930078563,"[1161.5887, 1205.5322, 1223.555, 1227.428, 1228.0664, 1228.1674, 1228.1831, 1228.1857, 1228.186, 1228.186, 1228.186, 1228.1862]"
27612,39.47798684362363,31.727495795993683,55.70812733781249,"[1133.4392, 1163.6569, 1173.3656, 1175.1691, 1175.4598, 1175.5057, 1175.513, 1175.514, 1175.5142, 1175.5142, 1175.5142, 1175.5142]"
27613,40.92870954052071,29.335861310701844,41.579341075253566,"[1172.7668, 1201.9323, 1209.9905, 1211.4014, 1211.6267, 1211.6622, 1211.6678, 1211.6687, 1211.6688, 1211.6688, 1211.6688, 1211.6688]"
27615,41.80757609105456,30.88851479763597,47.55364397127646,"[1141.4344, 1181.0278, 1201.5449, 1206.6241, 1207.4875, 1207.6248, 1207.6464, 1207.6498, 1207.6503, 1207.6504, 1207.6504, 1207.6504]"
27703,55.29836407207795,49.47260063615995,76.94818793038826,"[1151.0132, 1170.7224, 1174.9598, 1175.6583, 1175.7688, 1175.7861, 1175.7888, 1175.7893, 1175.7893, 1175.7894, 1175.7894, 1175.7894]"
27705,52.46891441900654,26.94772587654016,190.04976108589162,"[1210.6206, 1207.9163, 1200.4282, 1183.1133, 1152.5378, 1100.2493, 1028.6514, 983.6932, 975.63745, 974.85394, 974.78796, 974.78253]"
27707,37.62123045108166,27.171814439788587,56.8403607865224,"[1087.1514, 1121.019, 1134.9485, 1137.9467, 1138.441, 1138.5192, 1138.5315, 1138.5333, 1138.5337, 1138.5337, 1138.5337, 1138.5337]"
27713,47.04307969116907,30.264487051590656,88.1200132520492,"[1096.6615, 1145.1438, 1180.552, 1191.946, 1194.0648, 1194.4065, 1194.4603, 1194.4688, 1194.4701, 1194.4702, 1194.4703, 1194.4703]"
28202,54.119040264285864,45.405240199446744,69.19254694646969,"[1571.2742, 1629.2833, 1660.7072, 1668.706, 1670.0754, 1670.2935, 1670.3276, 1670.3331, 1670.3339, 1670.334, 1670.334, 1670.334]"
28210,46.753456648785956,38.62886066810078,69.05168925118817,"[1333.802, 1367.8412, 1377.7925, 1379.5645, 1379.8484, 1379.8931, 1379.9001, 1379.9012, 1379.9014, 1379.9014, 1379.9014, 1379.9014]"
28216,48.906142021617946,34.715788017311574,48.342644819114234,"[1319.1304, 1346.1261, 1353.1559, 1354.3666, 1354.5594, 1354.5897, 1354.5945, 1354.5952, 1354.5953, 1354.5953, 1354.5955, 1354.5955]"
28262,49.979754614439116,36.748005224845606,60.6923431009611,"[1120.1293, 1164.8566, 1181.4391, 1184.801, 1185.3496, 1185.4363, 1185.4498, 1185.452, 1185.4524, 1185.4524, 1185.4524, 1185.4524]"
28269,46.048720314979406,22.153955204007765,29.617574932261906,"[1196.4366, 1221.9457, 1228.4087, 1229.5138, 1229.6896, 1229.7173, 1229.7216, 1229.7223, 1229.7224, 1229.7224, 1229.7224, 1229.7224]"
28273,34.6352813574452,30.85176668747667,53.64415072143884,"[1247.0292, 1269.6133, 1275.7294, 1276.7941, 1276.9641, 1276.9908, 1276.995, 1276.9956, 1276.9957, 1276.9957, 1276.9957, 1276.9957]"
28277,43.545650336865336,48.44057362866908,100.73795093317705,"[1438.1346, 1438.478, 1438.5321, 1438.5405, 1438.5419, 1438.542, 1438.5421, 1438.5421, 1438.5421, 1438.5421, 1438.5421, 1438.5421]"
29205,19.814643852208118,18.861443632879546,35.320141904125755,"[847.228, 855.9632, 858.09576, 858.45703, 858.5144, 858.52344, 858.5249, 858.5251, 858.52515, 858.52515, 858.52515, 858.52515]"
29403,65.61424307490738,59.44004080977689,307.64832952178585,"[1790.6865, 1748.5085, 1678.78, 1588.8849, 1538.8604, 1530.4684, 1529.675, 1529.6086, 1529.603, 1529.6025, 1529.6025, 1529.6025]"
29414,44.123299681141894,41.79390580935838,102.8896341689578,"[1373.68, 1409.8811, 1423.7886, 1426.6669, 1427.1382, 1427.2126, 1427.2244, 1427.2261, 1427.2264, 1427.2264, 1427.2264, 1427.2264]"
29464,29.479624361878862,44.96132283469949,88.48959227152586,"[1610.046, 1625.0251, 1628.2686, 1628.804, 1628.8885, 1628.9019, 1628.904, 1628.9043, 1628.9043, 1628.9043, 1628.9044, 1628.9044]"
29607,34.04422339390579,20.974004633710326,36.38313378788672,"[1012.01733, 1036.793, 1079.2782, 1118.0814, 1134.8148, 1138.5167, 1139.1304, 1139.2274, 1139.2427, 1139.2451, 1139.2455, 1139.2455]"
29615,27.06508103172976,24.70611323096064,46.28916229314408,"[1031.747, 1058.0304, 1068.2405, 1070.367, 1070.7156, 1070.7706, 1070.7793, 1070.7806, 1070.7808, 1070.7809, 1070.7809, 1070.7809]"
30024,78.22378595056877,58.55517972491449,189.49821736361343,"[1549.32, 1591.2089, 1602.6954, 1604.7021, 1605.0227, 1605.073, 1605.0809, 1605.0822, 1605.0824, 1605.0824, 1605.0824, 1605.0824]"
30043,55.49553060850844,60.16345481708279,106.88949538495051,"[1360.4343, 1400.8286, 1412.4922, 1414.5613, 1414.8926, 1414.9448, 1414.9529, 1414.9542, 1414.9543, 1414.9545, 1414.9545, 1414.9545]"
30044,47.1061438649432,48.92620557462695,79.78213455984245,"[1197.6973, 1221.7081, 1227.3943, 1228.3507, 1228.5024, 1228.5264, 1228.5302, 1228.5306, 1228.5308, 1228.5308, 1228.5308, 1228.5308]"
30046,44.14525235660332,39.047763254876294,71.52686648604274,"[1096.612, 1127.3131, 1136.4673, 1138.1077, 1138.3708, 1138.4122, 1138.4187, 1138.4197, 1138.4199, 1138.4199, 1138.4199, 1138.4199]"
30080,43.47985553521726,45.506637862448954,87.4293014983536,"[1308.4719, 1346.1421, 1358.2896, 1360.5515, 1360.9163, 1360.9738, 1360.9828, 1360.9843, 1360.9844, 1360.9845, 1360.9845, 1360.9845]"
30093,87.4089475983786,65.82615116901698,95.82270480003643,"[1231.238, 1270.2534, 1279.7554, 1281.3643, 1281.6199, 1281.66, 1281.6663, 1281.6672, 1281.6675, 1281.6675, 1281.6675, 1281.6675]"
30096,65.35219116592968,58.349268388960915,92.93311447391913,"[1345.2767, 1380.2124, 1388.9529, 1390.4426, 1390.6794, 1390.7168, 1390.7227, 1390.7235, 1390.7236, 1390.7236, 1390.7236, 1390.7236]"
30097,76.04753291068053,43.420783000702926,55.57901412037729,"[1557.7185, 1593.4993, 1601.5438, 1602.8817, 1603.0935, 1603.1267, 1603.1321, 1603.1328, 1603.1329, 1603.133, 1603.133, 1603.133]"
30305,63.602778714483755,50.705778412973004,74.63891779254178,"[1772.5283, 1828.7627, 1848.3623, 1852.1935, 1852.8153, 1852.9133, 1852.9287, 1852.9312, 1852.9315, 1852.9316, 1852.9316, 1852.9316]"
30306,44.22925243296422,39.99625842244946,62.028350582250596,"[1504.2521, 1551.2906, 1571.7493, 1576.298, 1577.0527, 1577.1721, 1577.1909, 1577.1938, 1577.1943, 1577.1943, 1577.1945, 1577.1945]"
30308,66.77442496472038,62.20803094354459,93.53064680514854,"[1713.3479, 1740.6448, 1746.5212, 1747.4901, 1747.6433, 1747.6675, 1747.6713, 1747.6719, 1747.6719, 1747.6719, 1747.6719, 1747.6719]"
30309,76.47342163261239,66.44779555097254,101.58698340429665,"[1743.9325, 1776.1372, 1783.3613, 1784.5621, 1784.7523, 1784.7822, 1784.7869, 1784.7876, 1784.7877, 1784.7877, 1784.7877, 1784.7877]"
30310,66.60766687442344,72.18877086370436,124.77865582773934,"[1237.1208, 1249.3951, 1251.563, 1251.9099, 1251.9646, 1251.9731, 1251.9745, 1251.9746, 1251.9746, 1251.9746, 1251.9746, 1251.9746]"
30318,57.3662866220806,63.50478932051171,107.15858399539589,"[1512.8618, 1559.2571, 1572.9379, 1575.3805, 1575.7722, 1575.8337, 1575.8435, 1575.845, 1575.8452, 1575.8452, 1575.8453, 1575.8453]"
30319,39.315369882796894,24.93183422922551,112.4112328879822,"[1604.624, 1646.9093, 1681.3403, 1693.8654, 1696.3767, 1696.7858, 1696.8503, 1696.8605, 1696.862, 1696.8623, 1696.8623, 1696.8623]"
30324,43.505498818109196,48.28678361305103,83.53322846133953,"[1558.4122, 1583.9156, 1590.2136, 1591.2837, 1591.4537, 1591.4806, 1591.4846, 1591.4854, 1591.4855, 1591.4855, 1591.4855, 1591.4855]"
30326,49.95642064548346,58.52870570427328,94.78394255493698,"[1719.8306, 1731.1569, 1733.1422, 1733.4595, 1733.5093, 1733.5172, 1733.5184, 1733.5186, 1733.5187, 1733.5187, 1733.5187, 1733.5187]"
30328,52.10158940165406,30.83147401364346,42.702003104223664,"[1568.1064, 1610.5812, 1624.2615, 1626.8068, 1627.2173, 1627.282, 1627.2921, 1627.2937, 1627.294, 1627.294, 1627.294, 1627.294]"
30329,27.373122454017242,34.48347667645047,58.473004133628194,"[1525.7437, 1549.7361, 1556.0875, 1557.1862, 1557.3615, 1557.3889, 1557.3933, 1557.3939, 1557.394, 1557.394, 1557.394, 1557.394]"
30338,54.30821716796216,34.6760870741787,144.45195098782582,"[1488.7931, 1540.902, 1577.5492, 1588.9191, 1590.9829, 1591.3148, 1591.3671, 1591.3752, 1591.3766, 1591.3767, 1591.3767, 1591.3768]"
30339,47.11293294033981,45.665646539459374,109.32689449036353,"[1458.8851, 1483.8818, 1490.2678, 1491.362, 1491.5364, 1491.5637, 1491.568, 1491.5687, 1491.5688, 1491.5688, 1491.5688, 1491.5688]"
30341,56.507568543938945,56.48783035418765,96.02047599301198,"[1441.6787, 1482.1254, 1493.6371, 1495.6703, 1495.9956, 1496.0469, 1496.0549, 1496.0562, 1496.0564, 1496.0564, 1496.0564, 1496.0564]"
30345,63.19917857596596,61.46340712259129,95.62890072239395,"[1541.6875, 1605.0088, 1631.4358, 1637.1721, 1638.1194, 1638.2693, 1638.2928, 1638.2965, 1638.2971, 1638.2971, 1638.2971, 1638.2971]"
30350,50.468288503311065,39.01682231439715,53.20048351744899,"[1385.0535, 1413.4559, 1420.3093, 1421.4672, 1421.651, 1421.6799, 1421.6844, 1421.6852, 1421.6853, 1421.6853, 1421.6853, 1421.6853]"
30605,38.36040500187862,38.20591185007736,51.36709112117205,"[931.7471, 949.463, 953.5199, 954.1972, 954.30457, 954.3214, 954.3241, 954.32446, 954.3246, 954.3246, 954.3246, 954.3246]"
30606,38.21777396069523,34.93642712632425,45.867890450670316,"[997.25085, 1018.1305, 1023.1454, 1023.9917, 1024.126, 1024.1471, 1024.1504, 1024.151, 1024.151, 1024.151, 1024.1511, 1024.1511]"
31401,43.857480613112905,37.36000301837889,72.06595666818436,"[1429.4808, 1452.2104, 1457.8677, 1458.8307, 1458.9839, 1459.0079, 1459.0117, 1459.0122, 1459.0123, 1459.0125, 1459.0125, 1459.0125]"
32204,26.119379882428117,24.35243579957051,136.92122063353554,"[971.05347, 942.39795, 925.98804, 923.198, 922.93274, 922.9104, 922.90857, 922.90845, 922.90845, 922.90845, 922.90845, 922.90845]"
32205,39.05478585540294,9.494517625383589,10.984128471920032,"[997.4539, 1027.0702, 1036.2916, 1037.9688, 1038.2385, 1038.281, 1038.2877, 1038.2887, 1038.289, 1038.289, 1038.289, 1038.289]"
32207,38.61533104760902,18.96709066414889,23.938998661557434,"[1041.3352, 1058.3696, 1062.1473, 1062.7738, 1062.873, 1062.8885, 1062.891, 1062.8914, 1062.8915, 1062.8915, 1062.8915, 1062.8915]"
32209,25.876348982915236,31.336846693175026,47.99669106363608,"[775.89343, 765.3403, 763.8595, 763.7272, 763.7162, 763.7153, 763.7152, 763.7152, 763.7152, 763.7152, 763.7152, 763.7152]"
32224,55.79879197635366,58.59314615361754,90.046834093997,"[1386.4165, 1406.2678, 1410.3881, 1411.063, 1411.1696, 1411.1864, 1411.189, 1411.1893, 1411.1895, 1411.1895, 1411.1895, 1411.1895]"
32225,37.209570156339566,45.52724107460323,70.64725738248707,"[1186.2051, 1187.8585, 1188.1239, 1188.1656, 1188.1722, 1188.1732, 1188.1735, 1188.1735, 1188.1735, 1188.1735, 1188.1735, 1188.1735]"
32246,55.335943072141234,44.48466004736607,61.80890191623062,"[1370.7704, 1382.4219, 1384.4979, 1384.8307, 1384.8832, 1384.8914, 1384.8926, 1384.8928, 1384.8928, 1384.8928, 1384.8928, 1384.8928]"
32250,68.90672205930278,67.24329375287893,126.55103401436776,"[1465.8397, 1526.6936, 1547.1721, 1551.0903, 1551.7244, 1551.8243, 1551.8401, 1551.8425, 1551.8428, 1551.8429, 1551.843, 1551.843]"
32256,31.680825448944862,23.830195204986577,33.99369154077561,"[1250.3678, 1255.6323, 1256.5497, 1256.6962, 1256.7192, 1256.7228, 1256.7234, 1256.7235, 1256.7235, 1256.7235, 1256.7235, 1256.7235]"
32701,71.12165547807042,61.52674719122225,92.97912652390877,"[1246.6619, 1276.686, 1283.4404, 1284.5638, 1284.7417, 1284.7697, 1284.7742, 1284.7748, 1284.7749, 1284.7749, 1284.7749, 1284.7749]"
32703,56.7750077313631,59.14070230491665,104.67067629231842,"[1372.7789, 1393.322, 1397.7019, 1398.4229, 1398.5367, 1398.5547, 1398.5575, 1398.5579, 1398.558, 1398.558, 1398.558, 1398.558]"
32714,62.51787060070931,61.13981301482593,94.8723622430346,"[1303.514, 1327.304, 1332.4413, 1333.289, 1333.423, 1333.444, 1333.4473, 1333.4478, 1333.4479, 1333.4479, 1333.4479, 1333.4479]"
32771,60.459408939270645,68.51095333115113,120.56063274364413,"[1284.5631, 1314.389, 1321.3268, 1322.489, 1322.6733, 1322.7023, 1322.7068, 1322.7075, 1322.7076, 1322.7076, 1322.7076, 1322.7076]"
32792,67.58347169262119,61.60713165004448,91.70647442235207,"[1362.5553, 1403.9756, 1414.8903, 1416.7759, 1417.0765, 1417.1238, 1417.1312, 1417.1323, 1417.1326, 1417.1326, 1417.1326, 1417.1326]"
32801,65.44444537392262,42.801473842733316,57.015311249221654,"[1658.4204, 1669.3634, 1671.2617, 1671.5646, 1671.6122, 1671.6196, 1671.6207, 1671.621, 1671.621, 1671.621, 1671.621, 1671.621]"
32803,46.70100031682925,31.697921137197476,130.88191306213642,"[1544.7173, 1587.6626, 1606.394, 1610.5657, 1611.258, 1611.3677, 1611.3849, 1611.3876, 1611.388, 1611.3881, 1611.3881, 1611.3881]"
32810,67.1220163782803,45.79903725969698,61.99693619512817,"[1463.727, 1480.4087, 1483.4757, 1483.9697, 1484.0476, 1484.0598, 1484.0616, 1484.062, 1484.062, 1484.062, 1484.062, 1484.062]"
32811,68.75635906341586,65.1153873096042,132.53804182268382,"[1415.102, 1456.5867, 1468.1545, 1470.1853, 1470.5099, 1470.5609, 1470.569, 1470.5702, 1470.5704, 1470.5704, 1470.5704, 1470.5704]"
32812,52.855629830092,52.97871945975324,82.13652370209054,"[1458.1968, 1492.4344, 1501.4337, 1502.9875, 1503.2351, 1503.2742, 1503.2803, 1503.2811, 1503.2814, 1503.2814, 1503.2814, 1503.2814]"
32822,65.23207786280803,57.42658061196793,84.64244175782031,"[1387.0886, 1419.6472, 1427.379, 1428.6803, 1428.8868, 1428.9193, 1428.9244, 1428.9252, 1428.9253, 1428.9253, 1428.9253, 1428.9253]"
32825,62.8631705446704,62.20816547282234,100.85980714354274,"[1354.7185, 1401.4664, 1415.3611, 1417.8483, 1418.2472, 1418.31, 1418.3198, 1418.3213, 1418.3215, 1418.3217, 1418.3217, 1418.3217]"
32835,57.41266352257077,51.883599660403846,98.05006391498885,"[1357.9502, 1397.7025, 1408.9664, 1410.9531, 1411.271, 1411.321, 1411.3289, 1411.3301, 1411.3302, 1411.3303, 1411.3303, 1411.3303]"
32837,68.5667647486891,64.318979731798,112.04225840389269,"[1654.1533, 1692.4758, 1701.6353, 1703.1792, 1703.4243, 1703.4628, 1703.4688, 1703.4697, 1703.4698, 1703.47, 1703.47, 1703.47]"
32839,68.04190540789509,67.45474844264245,120.87411688049914,"[1420.5021, 1456.1619, 1465.0144, 1466.5204, 1466.7598, 1466.7975, 1466.8032, 1466.8042, 1466.8044, 1466.8044, 1466.8044, 1466.8044]"
32935,70.45276583939857,46.92264295582634,63.610015434289444,"[1259.0807, 1283.5986, 1288.852, 1289.7177, 1289.8545, 1289.876, 1289.8794, 1289.8799, 1289.88, 1289.88, 1289.88, 1289.88]"
33009,28.163029019096022,29.494517912048128,45.579525356454646,"[1665.844, 1683.0916, 1687.6746, 1688.4683, 1688.5947, 1688.6146, 1688.6178, 1688.6183, 1688.6184, 1688.6184, 1688.6184, 1688.6184]"
33010,35.84881081307304,22.315430206976025,93.61380430122324,"[1757.821, 1731.3352, 1693.3398, 1667.8645, 1663.0724, 1662.5966, 1662.5563, 1662.553, 1662.5527, 1662.5527, 1662.5527, 1662.5527]"
33020,27.85598081740753,18.992876430461894,66.06069317132048,"[1361.74, 1384.2213, 1409.1112, 1422.9452, 1426.526, 1427.1417, 1427.2397, 1427.2552, 1427.2576, 1427.258, 1427.258, 1427.258]"
33024,48.967006785610806,48.23441700754236,89.68251767580945,"[1578.2119, 1615.6252, 1628.1805, 1630.5785, 1630.9666, 1631.0276, 1631.0372, 1631.0388, 1631.039, 1631.0391, 1631.0391, 1631.0391]"
33025,37.88924670777296,30.18141873408662,44.822957427922056,"[1613.6427, 1648.2556, 1661.1888, 1663.823, 1664.253, 1664.3209, 1664.3317, 1664.3333, 1664.3335, 1664.3336, 1664.3336, 1664.3336]"
33062,33.127938335755964,28.373900378634755,52.287991676816645,"[1651.0625, 1670.995, 1676.5763, 1677.5573, 1677.7141, 1677.7388, 1677.7427, 1677.7433, 1677.7434, 1677.7434, 1677.7434, 1677.7434]"
33065,43.27364472524945,44.48992517689105,89.53265790092605,"[1548.0249, 1594.6359, 1629.93, 1641.7227, 1643.969, 1644.3323, 1644.3895, 1644.3986, 1644.3999, 1644.4001, 1644.4001, 1644.4001]"
33066,46.37381675480555,50.41516216325219,106.02867166574096,"[1518.2533, 1544.5304, 1551.3341, 1552.5042, 1552.6906, 1552.7198, 1552.7245, 1552.7251, 1552.7253, 1552.7253, 1552.7253, 1552.7253]"
33125,32.11219375493283,19.917250588597472,143.0225974920423,"[1689.4615, 1685.1736, 1675.6545, 1658.5698, 1629.5789, 1590.458, 1566.5103, 1562.2876, 1561.8798, 1561.8455, 1561.8425, 1561.8423]"
33126,40.480188161393734,25.770876110865057,44.24926331741787,"[1680.8425, 1727.307, 1761.5706, 1772.7047, 1774.7883, 1775.1245, 1775.1775, 1775.1858, 1775.1871, 1775.1873, 1775.1874, 1775.1874]"
33127,25.41199001704695,19.380555042792814,55.37614406937227,"[1757.0594, 1771.7649, 1797.5884, 1823.4427, 1835.9576, 1838.9248, 1839.4241, 1839.5033, 1839.5157, 1839.5177, 1839.518, 1839.5181]"
33130,38.76442306846908,27.629631403740873,103.13582879277989,"[1776.0077, 1803.0935, 1843.6129, 1875.9592, 1887.4403, 1889.7092, 1890.078, 1890.1362, 1890.1454, 1890.1467, 1890.147, 1890.147]"
33131,33.06975571695019,38.624357565656226,132.7262607548205,"[2319.057, 2332.2117, 2335.2065, 2335.7058, 2335.785, 2335.7974, 2335.7993, 2335.7998, 2335.7998, 2335.7998, 2335.7998, 2335.7998]"
33132,35.939726289983184,29.934107135408265,44.72540494189252,"[2069.8955, 2095.8386, 2105.263, 2107.1511, 2107.4585, 2107.507, 2107.5146, 2107.5159, 2107.516, 2107.516, 2107.516, 2107.516]"
33133,31.782701019560267,31.982165184034127,98.65030491956195,"[1969.8456, 1937.8445, 1895.8267, 1871.4684, 1867.3016, 1866.9043, 1866.871, 1866.8682, 1866.8679, 1866.8679, 1866.8679, 1866.8679]"
33134,29.646679501540444,40.883501232117226,85.93600096747926,"[2116.5103, 2118.8193, 2119.2014, 2119.262, 2119.2715, 2119.273, 2119.2732, 2119.2732, 2119.2732, 2119.2732, 2119.2732, 2119.2732]"
33135,30.32356387453321,30.394849226868057,103.4438157868027,"[1738.108, 1760.9526, 1791.1641, 1812.6265, 1819.3491, 1820.5768, 1820.7743, 1820.8054, 1820.8103, 1820.811, 1820.8112, 1820.8113]"
33137,53.5602677626802,53.544772630619114,148.67077823680745,"[2317.0288, 2346.1792, 2353.67, 2354.9556, 2355.1604, 2355.1924, 2355.1975, 2355.1982, 2355.1985, 2355.1985, 2355.1985, 2355.1985]"
33138,24.836586781178678,20.542373101325936,73.16665063490612,"[1704.0714, 1719.7518, 1745.4507, 1767.9639, 1777.0331, 1778.9619, 1779.2793, 1779.3295, 1779.3374, 1779.3386, 1779.3387, 1779.3387]"
33139,26.63589116988852,34.619839280260514,55.770969757256985,"[1977.4226, 1942.4552, 1919.2444, 1914.9141, 1914.4856, 1914.4495, 1914.4464, 1914.4462, 1914.4462, 1914.4462, 1914.4462, 1914.4462]"
33140,25.318241197178423,27.013305583583865,55.056824945616896,"[2299.0034, 2286.3726, 2265.0002, 2236.3096, 2218.9153, 2215.8657, 2215.5718, 2215.547, 2215.5452, 2215.545, 2215.545, 2215.545]"
33141,29.098847599294782,33.5749345590805,77.19327369051784,"[1886.9178, 1910.1989, 1917.9312, 1919.3986, 1919.6357, 1919.6731, 1919.679, 1919.6799, 1919.68, 1919.68, 1919.68, 1919.68]"
33142,31.38887655972536,27.716406247698707,57.7236835074955,"[1708.1079, 1734.0021, 1744.1498, 1746.2742, 1746.6227, 1746.6777, 1746.6864, 1746.6877, 1746.6879, 1746.688, 1746.688, 1746.688]"
33145,32.914288391172505,32.94863208315613,116.97441016501168,"[2106.9539, 2132.323, 2141.629, 2143.504, 2143.8096, 2143.8577, 2143.8652, 2143.8665, 2143.8667, 2143.8667, 2143.8667, 2143.8667]"
33147,34.65136483120471,39.34618120323022,114.00494272589363,"[2012.3569, 2024.7064, 2027.2527, 2027.6693, 2027.7351, 2027.7454, 2027.7471, 2027.7473, 2027.7473, 2027.7473, 2027.7473, 2027.7473]"
33150,25.359613482396373,29.37443084662123,98.3297283290494,"[1572.669, 1540.8348, 1526.04, 1523.7098, 1523.496, 1523.478, 1523.4766, 1523.4764, 1523.4764, 1523.4764, 1523.4764, 1523.4764]"
33157,21.885907880520513,13.192908677786075,25.937961038991713,"[1787.0663, 1805.9216, 1819.5005, 1823.8099, 1824.6039, 1824.7318, 1824.752, 1824.7551, 1824.7556, 1824.7557, 1824.7557, 1824.7557]"
33160,18.81303518384029,21.41527491451967,44.374198084993935,"[2074.186, 2074.9473, 2075.0696, 2075.0889, 2075.092, 2075.0925, 2075.0925, 2075.0925, 2075.0925, 2075.0925, 2075.0925, 2075.0925]"
33161,26.698572162938223,28.319273492600807,57.59719048802464,"[1557.3151, 1571.1661, 1574.7147, 1575.3232, 1575.4202, 1575.4354, 1575.4377, 1575.4381, 1575.4382, 1575.4382, 1575.4382, 1575.4382]"
33178,56.447059125330476,65.34768137663934,120.20554401463586,"[2110.936, 2149.592, 2160.726, 2162.6997, 2163.0156, 2163.0654, 2163.0732, 2163.0745, 2163.0745, 2163.0747, 2163.0747, 2163.0747]"
33180,23.988800826719878,20.4246049759562,27.455737420264228,"[2043.375, 2045.2323, 2045.5403, 2045.589, 2045.5967, 2045.5979, 2045.598, 2045.598, 2045.5981, 2045.5981, 2045.5981, 2045.5981]"
33186,40.721826709585855,37.014572895613455,74.99212091006234,"[1628.6405, 1661.7113, 1673.3767, 1675.6736, 1676.0468, 1676.1056, 1676.1149, 1676.1163, 1676.1165, 1676.1166, 1676.1166, 1676.1166]"
33196,38.36696176716196,37.5073232798803,75.18165752575987,"[1652.5865, 1675.0596, 1680.862, 1681.8591, 1682.018, 1682.0428, 1682.0469, 1682.0475, 1682.0475, 1682.0476, 1682.0476, 1682.0476]"
33301,54.81088626420193,33.30773744795936,234.83508044143142,"[1732.4287, 1698.7198, 1642.6218, 1572.3269, 1534.9631, 1528.8132, 1528.2368, 1528.1885, 1528.1844, 1528.1841, 1528.1842, 1528.1841]"
33304,48.42316215092211,30.577116274150242,238.95263939653736,"[1532.048, 1488.2634, 1424.5728, 1381.2025, 1372.9336, 1372.1077, 1372.0378, 1372.0321, 1372.0316, 1372.0316, 1372.0316, 1372.0316]"
33305,47.23642079770383,39.262802224644155,75.52578696392482,"[1538.7251, 1585.2593, 1628.3103, 1647.3042, 1651.5626, 1652.2705, 1652.3826, 1652.4001, 1652.403, 1652.4033, 1652.4034, 1652.4034]"
33308,66.9958691858579,24.442190897042227,28.186971062024604,"[1685.5819, 1757.6195, 1793.9363, 1802.7699, 1804.2651, 1804.5027, 1804.54, 1804.5459, 1804.5468, 1804.5469, 1804.547, 1804.547]"
33311,33.80683251979418,25.682751854223746,60.761198337242206,"[1415.0416, 1448.8954, 1472.5264, 1479.8042, 1481.1221, 1481.334, 1481.3672, 1481.3726, 1481.3733, 1481.3734, 1481.3735, 1481.3735]"
33312,34.063281929275206,30.76014318838892,59.76636366479308,"[1424.1311, 1430.8268, 1444.5859, 1468.1758, 1501.8059, 1527.512, 1536.1896, 1537.853, 1538.1223, 1538.1648, 1538.1715, 1538.1725]"
33313,40.58733511273041,37.85430203330249,57.98015654261113,"[1484.2567, 1508.7561, 1515.0808, 1516.1675, 1516.3406, 1516.3678, 1516.3721, 1516.3728, 1516.3728, 1516.3729, 1516.3729, 1516.3729]"
33324,43.103437059792434,45.00722507568663,100.26795055379428,"[1616.6477, 1648.1671, 1658.1969, 1660.0481, 1660.3463, 1660.3933, 1660.4008, 1660.4019, 1660.4021, 1660.4021, 1660.4021, 1660.4021]"
33334,32.77110738312954,23.83325759511723,37.836319033093865,"[1363.1431, 1400.3242, 1418.9226, 1423.4238, 1424.1848, 1424.3057, 1424.3247, 1424.3278, 1424.3281, 1424.3282, 1424.3282, 1424.3282]"
33401,41.70793112305951,42.963322942455704,88.08871328140073,"[1561.3396, 1590.6681, 1599.4526, 1601.0289, 1601.2819, 1601.3218, 1601.328, 1601.329, 1601.3291, 1601.3291, 1601.3291, 1601.3291]"
33404,26.925162630744584,24.505118919212524,98.99192279092206,"[1518.7749, 1534.1501, 1538.3273, 1539.055, 1539.1713, 1539.1896, 1539.1924, 1539.1929, 1539.1929, 1539.1929, 1539.1929, 1539.1929]"
33407,28.73234478997049,35.4743905666082,82.38166440555914,"[1535.2936, 1544.9534, 1546.9457, 1547.2716, 1547.3231, 1547.3313, 1547.3325, 1547.3326, 1547.3328, 1547.3328, 1547.3328, 1547.3328]"
33413,30.43194717471653,28.553980220997886,46.30904512934284,"[1489.497, 1510.8777, 1517.7064, 1518.9698, 1519.1735, 1519.2056, 1519.2107, 1519.2114, 1519.2115, 1519.2115, 1519.2115, 1519.2115]"
33414,47.34559387381661,32.800050758056706,163.74775637823026,"[1754.0952, 1782.9131, 1827.6287, 1864.6064, 1878.3301, 1881.1141, 1881.5685, 1881.6401, 1881.6514, 1881.6531, 1881.6534, 1881.6534]"
33418,32.7492039719447,23.771536370257305,130.82010952486326,"[1666.2395, 1643.1919, 1603.1035, 1563.4387, 1550.3047, 1548.6185, 1548.4706, 1548.4583, 1548.4573, 1548.4572, 1548.4572, 1548.4572]"
33432,81.5771445377874,43.23887145361335,258.20170988794604,"[1952.1125, 1967.1622, 1999.1417, 2052.9043, 2135.2559, 2202.3623, 2226.7974, 2231.6997, 2232.4983, 2232.6243, 2232.644, 2232.6472]"
33433,50.19036806852277,42.98206842707702,110.52488087857638,"[1800.9479, 1850.7837, 1880.4805, 1888.5424, 1889.9468, 1890.1709, 1890.2062, 1890.2118, 1890.2126, 1890.2128, 1890.2128, 1890.2128]"
33435,29.935498155734827,30.54080408578719,63.98196686295819,"[1750.2533, 1759.7158, 1761.6461, 1761.9614, 1762.0111, 1762.0189, 1762.0201, 1762.0204, 1762.0204, 1762.0204, 1762.0204, 1762.0204]"
33436,44.553347355229235,35.46428959381146,52.29810843925696,"[1586.1024, 1596.3376, 1598.2294, 1598.5342, 1598.5822, 1598.5897, 1598.5908, 1598.5911, 1598.5911, 1598.5911, 1598.5911, 1598.5911]"
33444,56.360745064452175,29.16659245190572,127.35203800706243,"[1706.6067, 1753.55, 1806.489, 1836.7501, 1844.7312, 1846.1105, 1846.3303, 1846.365, 1846.3704, 1846.3712, 1846.3713, 1846.3713]"
33460,28.902137327614746,22.08758390554348,147.24223338491785,"[1522.5671, 1550.5167, 1571.9194, 1579.1588, 1580.5485, 1580.7733, 1580.8088, 1580.8143, 1580.8153, 1580.8154, 1580.8154, 1580.8154]"
33461,40.30342253182013,28.338034885483708,92.10360990792873,"[1457.4817, 1493.4226, 1529.0923, 1546.1769, 1550.2012, 1550.8772, 1550.9845, 1551.0013, 1551.004, 1551.0044, 1551.0044, 1551.0045]"
33510,38.149568973810304,45.64305257113782,102.36738977661595,"[1303.525, 1317.4755, 1320.3082, 1320.7705, 1320.8435, 1320.855, 1320.8568, 1320.857, 1320.8572, 1320.8572, 1320.8572, 1320.8572]"
33511,31.624315600414146,31.676486189082244,87.11964091671169,"[1320.5394, 1347.1426, 1356.1995, 1357.9448, 1358.2275, 1358.2721, 1358.279, 1358.2802, 1358.2803, 1358.2804, 1358.2804, 1358.2804]"
33602,95.23452283125806,89.65822449005042,162.6986776002378,"[1960.8927, 1996.0834, 2003.5908, 2004.8267, 2005.022, 2005.0527, 2005.0575, 2005.0583, 2005.0583, 2005.0583, 2005.0583, 2005.0583]"
33604,40.10727245792152,27.38849996197544,41.046143040845955,"[1050.9214, 1091.1173, 1111.3204, 1116.2251, 1117.0549, 1117.1868, 1117.2074, 1117.2107, 1117.2112, 1117.2112, 1117.2113, 1117.2113]"
33606,49.27926753582721,55.04108987167253,89.67127667627362,"[1603.4109, 1618.2672, 1621.0991, 1621.5571, 1621.6294, 1621.6406, 1621.6425, 1621.6427, 1621.6428, 1621.6428, 1621.6428, 1621.6428]"
33607,51.56071721943114,51.177150381067285,80.07818532458364,"[1511.1035, 1528.2308, 1531.7074, 1532.2748, 1532.3644, 1532.3784, 1532.3806, 1532.381, 1532.381, 1532.381, 1532.381, 1532.381]"
33612,33.32734041494857,20.39502907654805,43.8680116333038,"[989.99286, 1009.6171, 1043.9463, 1075.8966, 1090.1239, 1093.331, 1093.8647, 1093.9492, 1093.9626, 1093.9646, 1093.965, 1093.965]"
33613,37.950651942687486,29.941850418577207,45.67270433139108,"[1238.8812, 1261.7295, 1267.4025, 1268.3676, 1268.521, 1268.545, 1268.5488, 1268.5494, 1268.5496, 1268.5496, 1268.5496, 1268.5496]"
33615,51.825843542408094,42.9598873776206,64.03161855026082,"[1337.2137, 1353.5875, 1356.8619, 1357.395, 1357.4792, 1357.4924, 1357.4945, 1357.4948, 1357.4949, 1357.4949, 1357.4949, 1357.4949]"
33617,39.23071101133559,32.92637416290165,67.38399492679449,"[1113.647, 1141.6718, 1150.8678, 1152.5995, 1152.8792, 1152.9233, 1152.9302, 1152.9313, 1152.9314, 1152.9314, 1152.9314, 1152.9315]"
33626,52.1673081878077,53.55713042372447,93.63346617226692,"[1501.4199, 1542.5908, 1556.3339, 1558.9501, 1559.3732, 1559.4398, 1559.4503, 1559.4519, 1559.4521, 1559.4523, 1559.4523, 1559.4523]"
33634,27.272738473762963,20.122579356711604,27.61250295163799,"[1256.4761, 1267.7771, 1270.16, 1270.5515, 1270.6134, 1270.623, 1270.6246, 1270.6249, 1270.6249, 1270.6249, 1270.6249, 1270.6249]"
33701,79.61072734265916,69.73347162180029,110.92442716022975,"[1435.6587, 1486.9495, 1501.8516, 1504.5001, 1504.9246, 1504.9913, 1505.0017, 1505.0034, 1505.0037, 1505.0037, 1505.0037, 1505.0037]"
33702,47.7012147472969,49.40261781636273,85.985019139671,"[1230.5154, 1252.568, 1257.6005, 1258.44, 1258.573, 1258.5939, 1258.5972, 1258.5977, 1258.5978, 1258.5978, 1258.5978, 1258.5978]"
33705,44.036333320770275,43.308563366867354,63.67064321141919,"[1371.7883, 1382.8488, 1384.8539, 1385.1763, 1385.227, 1385.235, 1385.2362, 1385.2363, 1385.2365, 1385.2365, 1385.2365, 1385.2365]"
33706,58.087719232033365,34.265316523961985,44.672808025883675,"[1565.6802, 1597.5603, 1605.5198, 1606.8757, 1607.0913, 1607.1252, 1607.1306, 1607.1313, 1607.1315, 1607.1316, 1607.1316, 1607.1316]"
33708,67.18183844656964,27.65354983979494,34.07552519953438,"[1656.0778, 1693.9283, 1703.058, 1704.6002, 1704.8451, 1704.8835, 1704.8896, 1704.8906, 1704.8907, 1704.8907, 1704.8907, 1704.8907]"
33712,30.576590410832747,36.43697425296332,65.83978258744087,"[1187.9376, 1207.8248, 1212.6243, 1213.4352, 1213.564, 1213.5842, 1213.5874, 1213.5879, 1213.5879, 1213.5879, 1213.5879, 1213.5879]"
33716,47.39683360563656,44.552172076757934,97.78647461326028,"[1241.4618, 1268.5774, 1275.8315, 1277.0901, 1277.2909, 1277.3224, 1277.3274, 1277.3281, 1277.3282, 1277.3282, 1277.3282, 1277.3282]"
33755,35.722761102602725,37.66949657818584,65.29789048806344,"[1127.5087, 1145.9955, 1150.3561, 1151.0889, 1151.2052, 1151.2235, 1151.2263, 1151.2268, 1151.2268, 1151.2268, 1151.2268, 1151.2268]"
33756,36.184318909110445,40.46225725320868,76.98997870930626,"[1171.9912, 1195.8792, 1202.3752, 1203.5074, 1203.6882, 1203.7167, 1203.7212, 1203.7218, 1203.7219, 1203.7219, 1203.7219, 1203.7219]"
33771,35.91714193816813,43.32851795728462,81.27389363131273,"[1214.5463, 1234.6118, 1239.3627, 1240.1617, 1240.2886, 1240.3085, 1240.3115, 1240.312, 1240.3121, 1240.3121, 1240.3121, 1240.3121]"
33907,56.42903574995435,38.922186377199914,227.77666507613816,"[1271.2239, 1322.7043, 1377.3878, 1405.9093, 1412.9983, 1414.2045, 1414.3962, 1414.4265, 1414.4312, 1414.4319, 1414.432, 1414.432]"
33916,60.909640248301514,59.68548025673111,142.3276116678244,"[1208.1873, 1269.7157, 1301.5881, 1309.4767, 1310.8176, 1311.0308, 1311.0642, 1311.0695, 1311.0703, 1311.0704, 1311.0704, 1311.0704]"
33973,77.3339079793385,70.29028561414844,123.12661228688539,"[1178.9656, 1236.311, 1255.4082, 1259.0383, 1259.6252, 1259.7178, 1259.7323, 1259.7346, 1259.7349, 1259.735, 1259.735, 1259.735]"
34203,26.24404849031346,20.869247146664048,89.47582560220944,"[1513.9559, 1539.9994, 1560.2251, 1567.1753, 1568.5223, 1568.7407, 1568.7751, 1568.7805, 1568.7814, 1568.7815, 1568.7816, 1568.7816]"
34207,27.105824714335792,14.343896782131008,95.0860103957117,"[1179.162, 1173.8744, 1164.8866, 1147.0905, 1116.3932, 1084.4027, 1072.5325, 1070.9127, 1070.7689, 1070.757, 1070.7559, 1070.7559]"
34208,17.55815506276871,11.85508915142253,38.82214173968975,"[1205.3434, 1218.0963, 1239.193, 1257.842, 1265.461, 1267.0947, 1267.3639, 1267.4064, 1267.4131, 1267.4142, 1267.4143, 1267.4143]"
34210,26.497095400829643,32.73469391586913,74.10285459684945,"[1252.7867, 1216.0593, 1193.571, 1189.6051, 1189.2219, 1189.1898, 1189.1871, 1189.1869, 1189.1869, 1189.1869, 1189.1869, 1189.1869]"
34232,37.47726281421853,43.898064404569546,86.85512166900463,"[1526.4119, 1527.3314, 1527.4777, 1527.5006, 1527.5042, 1527.5048, 1527.5049, 1527.5049, 1527.5049, 1527.5049, 1527.5049, 1527.5049]"
34683,45.70298999331467,41.263496337910425,72.42999596389438,"[1168.6295, 1204.2849, 1215.574, 1217.6508, 1217.9852, 1218.0378, 1218.0461, 1218.0474, 1218.0476, 1218.0476, 1218.0476, 1218.0476]"
34698,38.49307505815698,42.71104494061234,82.13596507782043,"[1298.5201, 1326.8639, 1334.8098, 1336.2069, 1336.4303, 1336.4655, 1336.471, 1336.4718, 1336.4719, 1336.4719, 1336.4719, 1336.4719]"
37040,13.081752601387972,14.4735295109711,31.954076303139722,"[730.82227, 716.7144, 706.5714, 704.5329, 704.3244, 704.30676, 704.3053, 704.3052, 704.3052, 704.3052, 704.3052, 704.3052]"
37042,5.941514920822806,8.209080107027207,15.692206366863676,"[721.03534, 726.11896, 730.6653, 732.55756, 732.96765, 733.0354, 733.0461, 733.0478, 733.04803, 733.0481, 733.0481, 733.0481]"
37075,42.12052849194222,41.08150308697545,65.60441884668269,"[1164.4403, 1193.2692, 1201.7653, 1203.282, 1203.5251, 1203.5634, 1203.5693, 1203.5703, 1203.5704, 1203.5704, 1203.5704, 1203.5704]"
37076,47.23635773143633,26.09607525348699,162.59174000198394,"[1133.7467, 1168.0509, 1214.3132, 1247.8314, 1258.532, 1260.5114, 1260.8303, 1260.8806, 1260.8884, 1260.8896, 1260.8899, 1260.8899]"
37115,48.85881771693558,45.676269104776,131.70840632867618,"[1213.5204, 1252.4391, 1265.4093, 1267.876, 1268.2748, 1268.3376, 1268.3475, 1268.3491, 1268.3494, 1268.3494, 1268.3494, 1268.3494]"
37211,54.581470539647256,34.646863841671475,153.93300353826228,"[1246.5684, 1302.5004, 1341.9729, 1354.26, 1356.4941, 1356.8536, 1356.9103, 1356.9192, 1356.9205, 1356.9207, 1356.9208, 1356.9208]"
37214,63.19903052012438,35.201071763382686,143.13448499970835,"[1189.26, 1248.0884, 1299.1075, 1319.349, 1323.6166, 1324.3175, 1324.4282, 1324.4456, 1324.4484, 1324.4487, 1324.4489, 1324.4489]"
37221,40.6061697464965,38.091936288328874,85.59810431098377,"[1381.347, 1425.0896, 1451.5117, 1458.7549, 1460.0201, 1460.2223, 1460.254, 1460.259, 1460.2599, 1460.26, 1460.26, 1460.26]"
38104,27.040842050550655,12.693977446684118,63.231890398174734,"[814.2772, 842.3616, 868.14667, 879.36884, 881.86487, 882.27905, 882.3446, 882.3549, 882.35657, 882.3568, 882.3568, 882.3568]"
40391,12.24422277820479,15.20615914422794,39.68662412407249,"[833.7119, 839.752, 841.2429, 841.49615, 841.53644, 841.5427, 841.54376, 841.5439, 841.54395, 841.54395, 841.54395, 841.54395]"
40502,10.365886875000434,8.80990913388829,12.578038929760755,"[823.85626, 827.33093, 828.0149, 828.126, 828.1435, 828.14624, 828.14667, 828.1467, 828.1467, 828.1467, 828.1467, 828.1467]"
40515,22.36211699898917,16.290826005854964,24.1640736085969,"[911.10254, 931.3301, 939.47174, 941.2025, 941.4872, 941.5322, 941.5393, 941.5404, 941.5406, 941.5406, 941.5406, 941.5406]"
40517,12.593512193624557,11.072234987895602,31.56247604053047,"[886.77264, 897.22766, 902.0956, 903.2226, 903.4112, 903.4411, 903.4458, 903.44653, 903.44666, 903.44666, 903.44666, 903.44666]"
63104,19.378195360541273,16.38743927142197,26.952955031587635,"[847.6094, 867.82324, 879.6801, 882.8634, 883.41614, 883.5044, 883.51825, 883.52045, 883.52075, 883.5208, 883.5208, 883.5208]"
63105,60.861809714785736,22.62050797916796,27.930999351935707,"[1259.6771, 1286.3845, 1292.5472, 1293.5778, 1293.7412, 1293.7668, 1293.7709, 1293.7715, 1293.7716, 1293.7716, 1293.7716, 1293.7716]"
63107,20.098358574015506,20.00083676764204,58.90686022830382,"[775.11554, 774.5763, 774.49316, 774.48016, 774.47815, 774.47784, 774.4778, 774.4778, 774.4778, 774.4778, 774.4778, 774.4778]"
63108,21.237963497893144,12.728515016437878,17.673272996392065,"[960.6701, 977.44324, 982.9124, 983.9382, 984.10376, 984.1299, 984.1339, 984.1346, 984.13464, 984.13464, 984.1347, 984.1347]"
63109,12.616012509392366,12.731927073237458,32.02928802494705,"[744.56116, 749.674, 758.5795, 769.9429, 777.7043, 780.0473, 780.4688, 780.5365, 780.5472, 780.5488, 780.5491, 780.54913]"
63110,20.073505630482824,17.693085074610604,34.229274200816285,"[906.61725, 925.89905, 933.3602, 934.9108, 935.1649, 935.205, 935.21136, 935.2123, 935.21246, 935.21246, 935.21246, 935.21246]"
63111,14.784902422755799,13.464315718846395,28.05281618046831,"[696.1927, 706.20844, 709.1442, 709.6674, 709.7513, 709.7645, 709.7666, 709.7669, 709.76697, 709.76697, 709.76697, 709.76697]"
63112,13.964291402846925,14.286949177583113,25.808176171267245,"[786.1014, 790.42523, 791.3272, 791.4751, 791.4985, 791.50214, 791.5027, 791.5028, 791.5028, 791.5028, 791.5028, 791.5028]"
63113,14.801712641733616,15.314340492361081,41.462195892169056,"[764.7903, 773.5115, 775.86145, 776.27, 776.3352, 776.34546, 776.34705, 776.3473, 776.34735, 776.34735, 776.34735, 776.34735]"
63115,18.37553512635269,14.926682124361717,52.888846960957224,"[683.223, 699.61816, 707.6439, 709.56006, 709.88293, 709.93427, 709.9423, 709.94354, 709.9437, 709.9438, 709.9438, 709.9438]"
63116,14.346791340384017,12.748774274159613,21.393186543413407,"[707.3788, 719.6272, 723.9625, 724.8179, 724.95685, 724.9788, 724.98224, 724.9828, 724.98285, 724.98285, 724.98285, 724.98285]"
63118,18.067725464108282,15.700848195369504,23.54315756534715,"[749.8897, 756.80457, 758.28894, 758.5336, 758.57227, 758.57837, 758.5793, 758.57947, 758.57947, 758.57947, 758.57947, 758.57947]"
63130,25.070543152921317,21.885434012039035,64.29151997098822,"[1054.9115, 1074.415, 1081.946, 1083.5093, 1083.7654, 1083.8058, 1083.8121, 1083.8131, 1083.8134, 1083.8134, 1083.8134, 1083.8134]"
63139,12.872387311506131,11.683577964718962,19.737793477219913,"[818.94604, 831.8763, 836.98755, 838.06287, 838.23944, 838.26733, 838.2717, 838.2724, 838.2725, 838.2725, 838.2725, 838.2725]"
64111,35.82446547260267,15.182690796804321,124.67778587544571,"[1028.8799, 1054.3591, 1090.8613, 1118.8901, 1128.3997, 1130.2284, 1130.5244, 1130.5712, 1130.5785, 1130.5796, 1130.5798, 1130.5798]"
64801,24.173276376091486,20.848598388796667,45.99355133331897,"[815.0972, 813.7155, 813.5072, 813.4747, 813.4696, 813.46875, 813.4686, 813.4686, 813.4686, 813.4686, 813.4686, 813.4686]"
64804,19.23954105539111,18.84507993663693,49.87844192390933,"[854.48486, 853.3236, 853.1475, 853.12006, 853.1157, 853.11505, 853.115, 853.1149, 853.1149, 853.1149, 853.1149, 853.1149]"
64834,22.354034908458246,24.293840701105374,66.91844751912605,"[896.88885, 896.052, 895.92334, 895.9032, 895.9, 895.89954, 895.8995, 895.8994, 895.8995, 895.8995, 895.8995, 895.8995]"
64836,24.180427271506925,23.99343754696029,61.365078104788225,"[837.9941, 835.3324, 834.94165, 834.881, 834.87146, 834.87, 834.86975, 834.8697, 834.8697, 834.8697, 834.8697, 834.8697]"
64870,21.68376328538854,23.8322912840833,68.80460530634305,"[876.98486, 876.1606, 876.03375, 876.0139, 876.0108, 876.0103, 876.01025, 876.01025, 876.01025, 876.01025, 876.01025, 876.01025]"
65201,16.3287811650253,20.014634227692323,47.10802699157939,"[762.74066, 749.7758, 747.42267, 747.1925, 747.1731, 747.1715, 747.1714, 747.1714, 747.1714, 747.1714, 747.1714, 747.1714]"
65202,10.884261393128524,10.672559000202325,32.579292150431066,"[801.788, 802.32733, 802.41473, 802.4285, 802.4307, 802.431, 802.4311, 802.4311, 802.4311, 802.4311, 802.4311, 802.4311]"
65203,17.54887836107388,26.50410717257608,47.17320705988949,"[781.2816, 770.6711, 769.044, 768.89575, 768.8833, 768.88226, 768.8822, 768.8822, 768.8822, 768.8822, 768.8822, 768.8822]"
72205,14.425772075280268,13.80306921631175,39.52796213577707,"[755.74255, 760.53937, 761.5678, 761.73724, 761.76404, 761.76825, 761.7689, 761.769, 761.769, 761.76904, 761.76904, 761.76904]"
72712,26.853269454924966,27.48170396540994,59.34526053048265,"[957.21204, 973.7652, 978.4556, 979.28296, 979.4153, 979.43616, 979.43945, 979.43994, 979.44, 979.44, 979.44, 979.44]"
72764,21.686414365158715,15.183645289631832,25.562940055006944,"[929.8362, 949.10156, 960.3502, 963.36053, 963.8829, 963.9662, 963.97925, 963.9813, 963.9817, 963.9817, 963.9817, 963.9817]"
